{
	"textures": {
		"0": "block/sugar_cane",
		"1": "block/sugar_cane_leaves",
		"particle": "block/sugar_cane"
	},
	"elements": [
		{
			"name": "cane1",
			"from": [10, 0, 13],
			"to": [12, 16, 15],
			"rotation": {"angle": 0, "axis": "y", "origin": [18, 8, 21]},
			"faces": {
				"north": {"uv": [9, 0, 11, 16], "texture": "#0", "tintindex": 0},
				"east": {"uv": [9, 0, 11, 16], "texture": "#0", "tintindex": 0},
				"south": {"uv": [9, 0, 11, 16], "texture": "#0", "tintindex": 0},
				"west": {"uv": [9, 0, 11, 16], "texture": "#0", "tintindex": 0},
				"up": {"uv": [1, 0, 3, 2], "texture": "#0", "tintindex": 0}
			}
		},
		{
			"name": "cane2",
			"from": [12, -3, 7],
			"to": [14, 13, 9],
			"rotation": {"angle": 0, "axis": "y", "origin": [20, 5, 15]},
			"faces": {
				"north": {"uv": [13, 0, 15, 16], "texture": "#0", "tintindex": 0},
				"east": {"uv": [13, 0, 15, 16], "texture": "#0", "tintindex": 0},
				"south": {"uv": [13, 0, 15, 16], "texture": "#0", "tintindex": 0},
				"west": {"uv": [13, 0, 15, 16], "texture": "#0", "tintindex": 0},
				"up": {"uv": [1, 0, 3, 2], "texture": "#0", "tintindex": 0}
			}
		},
		{
			"name": "cane3",
			"from": [2, -2, 4],
			"to": [4, 14, 6],
			"rotation": {"angle": 0, "axis": "y", "origin": [10, 6, 12]},
			"faces": {
				"north": {"uv": [9, 0, 11, 16], "texture": "#0", "tintindex": 0},
				"east": {"uv": [9, 0, 11, 16], "texture": "#0", "tintindex": 0},
				"south": {"uv": [9, 0, 11, 16], "texture": "#0", "tintindex": 0},
				"west": {"uv": [9, 0, 11, 16], "texture": "#0", "tintindex": 0},
				"up": {"uv": [1, 0, 3, 2], "texture": "#0", "tintindex": 0}
			}
		},
		{
			"name": "cane4",
			"from": [8, -1, 2],
			"to": [10, 15, 4],
			"rotation": {"angle": 0, "axis": "y", "origin": [16, 7, 10]},
			"faces": {
				"north": {"uv": [1, 0, 3, 16], "texture": "#0", "tintindex": 0},
				"east": {"uv": [1, 0, 3, 16], "texture": "#0", "tintindex": 0},
				"south": {"uv": [1, 0, 3, 16], "texture": "#0", "tintindex": 0},
				"west": {"uv": [1, 0, 3, 16], "texture": "#0", "tintindex": 0},
				"up": {"uv": [1, 0, 3, 2], "texture": "#0", "tintindex": 0}
			}
		},
		{
			"name": "cane5",
			"from": [3, -3, 11],
			"to": [5, 13, 13],
			"rotation": {"angle": 0, "axis": "y", "origin": [11, 5, 19]},
			"faces": {
				"north": {"uv": [1, 0, 3, 16], "texture": "#0", "tintindex": 0},
				"east": {"uv": [1, 0, 3, 16], "texture": "#0", "tintindex": 0},
				"south": {"uv": [1, 0, 3, 16], "texture": "#0", "tintindex": 0},
				"west": {"uv": [1, 0, 3, 16], "texture": "#0", "tintindex": 0},
				"up": {"uv": [1, 0, 3, 2], "texture": "#0", "tintindex": 0}
			}
		},
		{
			"name": "leaves1a",
			"from": [-3, 8, 11.5],
			"to": [13, 24, 11.5],
			"rotation": {"angle": -45, "axis": "y", "origin": [5, 16, 20]},
			"faces": {
				"north": {"uv": [0, 0, 16, 16], "texture": "#1", "tintindex": 0},
				"east": {"uv": [0, 0, 0, 16], "texture": "#missing"},
				"south": {"uv": [0, 0, 16, 16], "texture": "#1", "tintindex": 0},
				"west": {"uv": [0, 0, 0, 16], "texture": "#missing"},
				"up": {"uv": [0, 0, 16, 0], "texture": "#missing"},
				"down": {"uv": [0, 0, 16, 0], "texture": "#missing"}
			}
		},
		{
			"name": "leaves1b",
			"from": [9, 8, 11.5],
			"to": [25, 24, 11.5],
			"rotation": {"angle": 45, "axis": "y", "origin": [17, 16, 20]},
			"faces": {
				"north": {"uv": [0, 0, 16, 16], "texture": "#1", "tintindex": 0},
				"east": {"uv": [0, 0, 0, 16], "texture": "#missing"},
				"south": {"uv": [0, 0, 16, 16], "texture": "#1", "tintindex": 0},
				"west": {"uv": [0, 0, 0, 16], "texture": "#missing"},
				"up": {"uv": [0, 0, 16, 0], "texture": "#missing"},
				"down": {"uv": [0, 0, 16, 0], "texture": "#missing"}
			}
		},
		{
			"name": "leaves2a",
			"from": [-1, 5, 5.5],
			"to": [15, 21, 5.5],
			"rotation": {"angle": -45, "axis": "y", "origin": [7, 13, 14]},
			"faces": {
				"north": {"uv": [0, 0, 16, 16], "texture": "#1", "tintindex": 0},
				"east": {"uv": [0, 0, 0, 16], "texture": "#missing"},
				"south": {"uv": [0, 0, 16, 16], "texture": "#1", "tintindex": 0},
				"west": {"uv": [0, 0, 0, 16], "texture": "#missing"},
				"up": {"uv": [0, 0, 16, 0], "texture": "#missing"},
				"down": {"uv": [0, 0, 16, 0], "texture": "#missing"}
			}
		},
		{
			"name": "leaves2b",
			"from": [11, 5, 5.5],
			"to": [27, 21, 5.5],
			"rotation": {"angle": 45, "axis": "y", "origin": [19, 13, 14]},
			"faces": {
				"north": {"uv": [0, 0, 16, 16], "texture": "#1", "tintindex": 0},
				"east": {"uv": [0, 0, 0, 16], "texture": "#missing"},
				"south": {"uv": [0, 0, 16, 16], "texture": "#1", "tintindex": 0},
				"west": {"uv": [0, 0, 0, 16], "texture": "#missing"},
				"up": {"uv": [0, 0, 16, 0], "texture": "#missing"},
				"down": {"uv": [0, 0, 16, 0], "texture": "#missing"}
			}
		},
		{
			"name": "leaves3a",
			"from": [-11, 6, 2.5],
			"to": [5, 22, 2.5],
			"rotation": {"angle": -45, "axis": "y", "origin": [-3, 14, 11]},
			"faces": {
				"north": {"uv": [0, 0, 16, 16], "texture": "#1", "tintindex": 0},
				"east": {"uv": [0, 0, 0, 16], "texture": "#missing"},
				"south": {"uv": [0, 0, 16, 16], "texture": "#1", "tintindex": 0},
				"west": {"uv": [0, 0, 0, 16], "texture": "#missing"},
				"up": {"uv": [0, 0, 16, 0], "texture": "#missing"},
				"down": {"uv": [0, 0, 16, 0], "texture": "#missing"}
			}
		},
		{
			"name": "leaves3b",
			"from": [1, 6, 2.5],
			"to": [17, 22, 2.5],
			"rotation": {"angle": 45, "axis": "y", "origin": [9, 14, 11]},
			"faces": {
				"north": {"uv": [0, 0, 16, 16], "texture": "#1", "tintindex": 0},
				"east": {"uv": [0, 0, 0, 16], "texture": "#missing"},
				"south": {"uv": [0, 0, 16, 16], "texture": "#1", "tintindex": 0},
				"west": {"uv": [0, 0, 0, 16], "texture": "#missing"},
				"up": {"uv": [0, 0, 16, 0], "texture": "#missing"},
				"down": {"uv": [0, 0, 16, 0], "texture": "#missing"}
			}
		},
		{
			"name": "leaves4a",
			"from": [-5, 7, 0.5],
			"to": [11, 23, 0.5],
			"rotation": {"angle": -45, "axis": "y", "origin": [3, 15, 9]},
			"faces": {
				"north": {"uv": [0, 0, 16, 16], "texture": "#1", "tintindex": 0},
				"east": {"uv": [0, 0, 0, 16], "texture": "#missing"},
				"south": {"uv": [0, 0, 16, 16], "texture": "#1", "tintindex": 0},
				"west": {"uv": [0, 0, 0, 16], "texture": "#missing"},
				"up": {"uv": [0, 0, 16, 0], "texture": "#missing"},
				"down": {"uv": [0, 0, 16, 0], "texture": "#missing"}
			}
		},
		{
			"name": "leaves4b",
			"from": [7, 7, 0.5],
			"to": [23, 23, 0.5],
			"rotation": {"angle": 45, "axis": "y", "origin": [15, 15, 9]},
			"faces": {
				"north": {"uv": [0, 0, 16, 16], "texture": "#1", "tintindex": 0},
				"east": {"uv": [0, 0, 0, 16], "texture": "#missing"},
				"south": {"uv": [0, 0, 16, 16], "texture": "#1", "tintindex": 0},
				"west": {"uv": [0, 0, 0, 16], "texture": "#missing"},
				"up": {"uv": [0, 0, 16, 0], "texture": "#missing"},
				"down": {"uv": [0, 0, 16, 0], "texture": "#missing"}
			}
		},
		{
			"name": "leaves5a",
			"from": [-10, 5, 9.5],
			"to": [6, 21, 9.5],
			"rotation": {"angle": -45, "axis": "y", "origin": [-2, 13, 18]},
			"faces": {
				"north": {"uv": [0, 0, 16, 16], "texture": "#1", "tintindex": 0},
				"east": {"uv": [0, 0, 0, 16], "texture": "#missing"},
				"south": {"uv": [0, 0, 16, 16], "texture": "#1", "tintindex": 0},
				"west": {"uv": [0, 0, 0, 16], "texture": "#missing"},
				"up": {"uv": [0, 0, 16, 0], "texture": "#missing"},
				"down": {"uv": [0, 0, 16, 0], "texture": "#missing"}
			}
		},
		{
			"name": "leaves5b",
			"from": [2, 5, 9.5],
			"to": [18, 21, 9.5],
			"rotation": {"angle": 45, "axis": "y", "origin": [10, 13, 18]},
			"faces": {
				"north": {"uv": [0, 0, 16, 16], "texture": "#1", "tintindex": 0},
				"east": {"uv": [0, 0, 0, 16], "texture": "#missing"},
				"south": {"uv": [0, 0, 16, 16], "texture": "#1", "tintindex": 0},
				"west": {"uv": [0, 0, 0, 16], "texture": "#missing"},
				"up": {"uv": [0, 0, 16, 0], "texture": "#missing"},
				"down": {"uv": [0, 0, 16, 0], "texture": "#missing"}
			}
		}
	]
}